Compound,count,mean,median,std,min,max
MEDIUM,3845,91.70131807542263,88.395,9.406629619178279,78.069,149.129
HARD,4896,91.9732007761438,95.449,8.78571593735522,78.083,138.694
SOFT,3139,92.3815578209621,91.751,9.407607348065596,76.33,145.466
