TrackStatus,count,mean,median,std,min,max
1,11880,91.99310345117844,89.99000000000001,9.159013398194613,76.33,149.129
