FreshTyre,count,mean,median,std,min,max
0,11504,91.46719497566065,89.45849999999999,8.56469962211843,76.33,135.708
1,376,108.08366489361701,107.09,11.795757029460672,83.935,149.129
