Feature,Importance
StintProgress,0.35303546183936807
FuelLoadApprox,0.3163971988290381
TyreAgeSquared,0.22582954199760896
FreshTyre,0.061758105417190616
CompoundEncoded,0.04297969191679425
